word,count
unknown,12
ahead,13
organizer,20
black,496
lunch,9
table,35
today,20
ginger,3
brashner-cunningham,3
daryl,6
speak,46
dcia,2
couple,16
years,111
ago,30
atkinson,2
laughter,183
depends,7
heard,42
nia,2
wilson,3
president,18
remember,33
envelope,2
lunches,1
people,677
tapped,1
leaders,10
conversation,76
read,46
questions,28
audio,2
recorded,4
start,61
talking,168
identify,13
transcriber,2
voice,18
pretty,35
good,113
microphone,3
project,34
guess,83
introduction,1
jina,5
valentine,3
skyping,1
videochat,1
grad,34
students,62
yestercades,1
place,87
chicago,16
lives,64
matter,72
meeting,18
time,184
tackling,1
subject,10
necessarily,34
visual,14
integrated,6
tables,3
exciting,5
forward,9
growth,6
cross,4
pollinating,1
communities,53
area,32
comfortable,7
academia,2
activists,3
feel,176
lot,199
contact,2
awesome,7
cross-pollinating,1
involved,15
cool,26
amazing,25
smart,3
interesting,81
motivated,2
dedicated,2
movement,34
space,43
planning,5
practical,1
archiving,1
conversations,26
moment,38
post-ferguson,2
disciplines,1
real,68
intentionality,1
happened,53
kind,271
brainstorming,1
feeling,13
casual,1
sort,93
reflect,6
piece,15
archived,1
beyu,1
café,1
unc,3
recorders,1
turned,16
guys,45
card,23
free,15
things,240
wild,6
cards,27
thing,297
issues,33
left,15
deck,10
add,10
box,2
day,62
put,93
priority,4
putting,17
group,51
decide,9
important,38
discuss,47
great,47
seconds,5
word,48
answers,5
cover,5
veggie,1
burger,1
choose,18
honest,14
democratic,3
minute,13
erin,3
bree,2
introducing,3
make,155
sense,54
live,74
durham,58
mom,13
artist,87
executive,2
director,12
spirit,3
house,36
local,26
organization,18
cultural,25
arts,21
organizing,2
andré,2
leon,2
gray,5
sign,9
logo,2
run,23
elizabeth,4
havice,2
nice,19
history,103
alright,30
senior,5
pastor,3
pilgrim,1
united,24
church,29
christ,2
social,32
justice,15
section,3
privileged,1
officiate,1
loving,3
eleven,5
weddings,1
equal,7
marriage,4
north,24
carolina,20
varied,1
map,3
mixture,1
pole,2
dancer,1
based,32
raleigh,11
professionally,3
exhibiting,8
showcasing,1
national,14
museum,20
congratulations,3
eh,5
professor,11
geography,1
department,12
interests,4
intersects,1
connect,8
activism,7
happening,51
campus,11
represent,20
community,151
building,17
housed,1
called,43
saunders,2
hall,4
named,6
founder,5
kkk,2
we’ve,38
thought,46
couldn’t,24
comprehend,1
effort,4
change,48
political,27
mobilization,1
chance,4
renewed,2
discussion,23
active,3
thinking,41
inscribing,1
race,27
landscape,4
photographer,2
school,218
studying,3
systemic,5
trauma,4
harm,5
manifests,1
education,65
system,80
working,40
background,32
educator,4
primarily,7
spaces,18
elementary,7
excited,7
pause,46
activist,6
law,19
tools,3
damn,5
work,152
southern,8
coalition,5
lead,7
criminal,10
reform,3
board,23
focusing,3
ending,2
drug,8
war,39
mass,3
incarceration,2
brick,1
incarcerated,7
person,109
spent,4
imprisoned,1
alabama,6
corrections,1
nonviolent,3
crime,8
disrespect,3
study,6
life,32
glad,7
cousin,7
montgomery,1
birmingham,1
knew,33
ensure,3
picking,4
leoneda,2
inge,2
introduced,4
late,7
oldest,2
eldest,2
high,26
airport,4
flight,2
leaving,6
weird,17
leave,8
college,32
visit,2
flying,1
wonderful,13
dropping,2
kid,40
sending,5
graduates,2
introductions,1
fine,24
breathe,4
tackle,3
sustain,1
momentum,2
bunch,5
blanks,2
drugs,18
factor,7
heightened,7
policing,6
non-white,5
poor,31
ding,6
favorites,1
redistricting,1
voting,8
laws,8
nc,1
disenfranchise,1
blacks,11
define,12
purpose,6
stop,38
favorite,3
artists,82
co-opt,2
aspects,5
culture,60
personal,26
gain,5
silence,2
iggy,1
azalea,1
question,162
directed,3
male,22
drivers,3
percent,22
searched,2
white,203
counterparts,3
duram’s,1
thirty,12
population,29
accounts,2
eighty,2
total,9
traffic,3
stops,2
restorative,3
offenders,2
amends,1
offended,9
parties,4
alternative,10
punitive,1
possibilities,10
unarmed,14
mediation,10
i.e,1
watch,10
versus,15
police,76
involvement,4
facilitators,1
making,53
faces,5
differences,4
protests,3
mid,3
century,2
decreased,1
vulnerability,2
violence,17
empowerment,2
ways,44
money,88
relationship,12
trends,3
gentrification,22
prioritize,1
structural,1
individual,13
families,14
implicit,1
unconscious,2
bias,1
priory,1
custom,2
norm,2
cultivate,2
norms,1
understand,78
tense,1
decriminalization,7
minor,33
offenses,20
impact,13
similarities,1
neighborhood,84
michael,5
browns,1
economy,10
dependent,3
prison,9
easy,9
answer,22
overlap,1
love,39
folks,45
priorities,1
criminalization,4
connected,14
mike,7
brown's,2
spending,3
economics,2
end,39
relation,2
lived,30
moved,31
ten,24
talk,137
parents,20
grandparents,4
part,119
originally,11
mobile,3
grow,4
places,21
grew,25
midwest,1
bad,39
awful,5
deep,6
south,27
strong,16
means,25
shopped,2
entrepreneur,1
trade,3
barter,1
strength,6
sisters,5
shows,9
changing,14
hoping,2
continues,3
clear,19
historically,13
color,75
central,4
university,39
minds,7
growing,9
entrepreneurship,1
moving,26
rampantly,1
goodness,5
won’t,18
mixed,14
neighborhoods,26
totally,24
purposefully,2
outprice,2
residents,1
nationality,2
helping,5
rebuild,1
prong,1
buy,14
flea,1
market,7
pick,38
trash,4
job,39
walk,24
street,37
drive,2
park,12
throw,8
garbage,3
trucks,1
zoom,1
pickup,2
days,12
loose,1
parts,7
majority,12
role,24
strongly,1
topic,18
noticed,8
businesses,3
convenience,1
stores,2
barber,3
shops,1
shaw,1
ownership,5
property,33
basically,23
river,1
mother,24
passed,10
inherited,1
rental,2
houses,15
rent,6
turn,5
profit,2
lower,7
income,1
coming,81
architect,2
office,12
back,129
changed,34
afford,15
anymore,12
rented,2
point,73
city,122
forced,6
sitting,18
vacant,2
inspect,1
fix,3
sorta,1
kinda,6
created,9
impetus,1
gentrify,1
bring,25
rule,10
driven,3
south-west,1
southeast,1
center,10
beautifully,2
colored,4
townhouses,1
projects,15
replaced,1
living,29
cleaner,2
night,15
wondering,7
cleaning,2
presidential,2
administration,1
pres,1
government,13
realize,18
trespassing,4
townhomes,1
stipulation,1
family,53
felon,1
record,3
move,29
town,28
homes,16
heritage,3
mordecai,1
suburbs,3
nightdale,1
windale,1
country,44
marching,3
protesting,1
works,24
policy,8
municipal,1
legislation,1
upgrades,1
twenty,16
out-tax,1
built,10
mcmansion,1
corner,3
mount,1
holloway,1
girlfriends,2
barely,2
needed,14
fixing,2
story,26
sixty,6
seventy,1
thousand,6
dollars,14
screaming,1
blocks,2
posting,3
smaller,5
god,25
quick,8
allowed,14
was-i,2
order,20
problem,37
condos,3
affordable,6
housing,13
policies,3
shaped,1
displacing,2
vehicles,4
instance,11
purchase,2
properties,2
abandoned,3
dilapidated,2
pushed,13
happen,52
idea,66
sudden,12
reality,15
county,10
killed,17
component,2
instances,1
looked,12
stronghold,1
hayti,1
fighting,11
retain,3
close,12
downtown,4
wanted,56
mix,1
bit,37
finding,12
identifying,5
specific,12
protect,10
vibrant,4
developers,11
public,87
codes,1
specifics,1
code,7
decided,14
vehicle,1
clean,5
rid,6
times,40
participated,2
openly,1
fights,1
council,8
budgets,1
approved,1
housing’s,1
rest,8
sliding,1
scale,3
equitable,2
overrun,1
choices,4
people’s,8
hands,5
fundamentally,6
choosing,4
invest,7
develop,8
litany,1
incentives,1
investment,5
choice,14
speaking,22
collectively,11
governmental,5
bodies,9
imagine,9
resources,13
invested,7
amount,17
give,31
included,4
deacon,1
sick,3
shuttling,1
business,13
lady,6
patricia,1
buffalo,1
brightly,2
stand,9
substation,2
big,55
eighteen,5
wheeler,1
folk,12
matters,8
society,19
segregate,1
target,9
wall,6
hang,6
intimidate,1
boys,9
walking,22
store,7
en,1
enclosing,1
pushing,8
crabs,1
barrel,1
find,80
tags,2
gotta,14
plates,1
easily,5
pulled,8
easier,3
sit,28
benefit,5
doubt,1
side,28
class,47
african,75
american,78
tobacco,3
warehouses,1
divested,1
disinvested,2
investing,3
ultimately,3
unemployment,1
sixteen,11
renters,3
landlords,1
owned,8
bulls,1
stadium,1
fourty,1
fifty,9
ended,8
taking,38
offer,6
training,15
program,33
dealing,19
lift,2
poverty,3
programs,15
deal,46
offered,2
everybody’s,3
coding,3
lost,6
neighbors,7
calling,9
check,11
violations,1
dirty,1
stuff,67
split,3
enterprise,3
beautiful,8
association,4
circling,1
underneath,3
nose,1
decision,10
made,60
members,13
takes,5
completely,24
gentrified,3
jobs,7
proper,4
disinvestment,2
stopped,7
wait,17
intentional,6
strategic,2
criminalized,9
force,6
care,33
east,16
world,42
reading,26
research,14
origins,2
malicious,1
birthed,2
original,4
intent,5
owners,5
predominantly,11
owner,3
rights,7
elevated,2
human,15
safe,16
secure,4
acquisition,1
maintaining,2
function,5
interested,17
discussing,6
intellectualize,3
eat,9
challenging,1
complicity,1
case,12
dpac,1
ball,2
game,12
restaurant,3
enjoyed,3
weekend,3
enjoy,7
massively,1
sweeps,1
homeless,2
bothered,1
begging,1
fair,5
shake,4
opportunity,17
privilege,3
drink,7
beers,1
sidewalk,1
revolution,4
meals,2
massive,1
sweep,1
lock,3
invisible,3
flustered,1
enjoying,2
bet,2
searching,3
inventory,2
intelligentsia,1
complicit,4
brown,23
finger,1
friends,40
that’ve,2
started,59
gatherings,1
potluck,1
worn,1
wounded,1
small,32
connection,9
unite,1
lots,15
yesterday,5
state,33
hundred,23
clergy,1
arrested,10
letters,2
representatives,2
fact,53
earn,1
year,75
tax,1
cut,6
pay,27
taxes,9
horrible,6
experience,39
christians,3
jews,3
muslims,1
arrest,3
t-shirts,1
sounds,13
crazy,16
lotsa,1
daughters,1
design,2
t-shirt,3
bought,5
literally,33
online,9
uploaded,1
sell,8
kids,85
dream,5
crusher,5
motto,1
children,31
shirt,5
ah,7
journalist,3
examples,2
smallest,2
continue,13
falter,1
fall,9
fell,3
wagon,1
early,13
fail,1
shirts,2
failed,5
failing,1
head,30
schools,64
montessori,5
magnet,3
fight,18
starts,8
child,28
kindergarten,2
teacher,9
mistaken,1
lottery,7
waitlisted,1
slots,1
renovating,1
trinity,4
watts,2
pre-k,1
wealthy,4
proximity,1
major,16
wide,4
rules,8
applied,4
son,28
supposed,28
front,13
sat,8
expose,2
wrong,19
benefiting,2
that's,2
woman,24
stood,3
complaining,2
ek,1
pell,1
overcrowd,1
threatened,5
thrown,4
pregnant,2
parent,1
born,21
wanting,8
send,14
future,7
private,18
ann,2
delinger,1
worry,6
oooo,1
distance,2
circulated,1
numbers,5
prove,1
repercussions,2
access,31
educating,2
set,18
construction,1
established,5
kidnapping,1
indigenous,3
bringing,11
colonial,2
teaching,25
english,9
european,3
systems,18
genocide,5
continuing,2
façade,2
shifting,4
manifest,1
structures,6
self-determined,2
centered,2
values,5
establishing,1
learn,30
hope,12
and-.[pause,1
colonization,3
privatization,3
suddenly,3
arbor,1
michigan,1
morehead,1
bitty,2
raggedy,3
told,34
yellow,3
bedroom,4
mile,1
miles,2
honey,4
odds,1
found,13
waiting,3
list,2
weeks,4
show,58
caucasian,1
parks,1
closer,2
hard,40
eclectic,2
loved,5
fayetteville,3
chose,8
diverse,3
invade,1
struggle,12
unique,8
facilitating,1
whiteness,4
infiltrating,1
student,34
body,12
decade,2
wanna,12
touched,4
dichotomy,3
feed,1
recriminations,1
half,18
age,32
participate,5
lotteries,1
ability,13
create,15
status,4
quasi-private,1
additional,1
dp,7
dog,4
whistle,1
language,28
institutional,10
begin,18
post,12
reconstruction,1
lawmakers,1
acquired,1
power,28
educate,5
institute,1
opposition,4
disciplined,1
march,2
delegitamize,1
healthcare,3
prisons,8
privatize,1
scary,7
leaves,4
latino,4
spectrum,2
catch,2
purposeful,1
pivot,1
participation,1
swimming,1
stream,2
disentangle,1
dismantle,5
participating,7
giving,9
hegemony,3
agree,42
boundary,1
consent,1
engaging,10
option,3
excellent,2
options,8
energies,1
focused,3
internally,1
corrupt,2
efforts,1
developing,5
vote,29
absolutely,64
cultivated,1
zone,1
push,13
allowing,3
engage,5
deeper,3
unpacking,1
situations,8
experiences,7
situation,37
youth,10
development,6
huge,17
mystic,1
historical,17
ingenious,1
institutionalize,1
biting,1
panther,6
party,11
breakfast,2
morning,11
facebook,25
stands,3
escape,2
middle,12
debbie,1
downer,1
individuals,18
capitalism,2
privatizing,1
ensures,1
block,2
hate,13
organize,1
warrior,1
equated,1
level,34
maleness,3
core,2
belief,1
phd,1
grandmamma,1
ashamed,7
learned,15
grandmother,4
hell,9
chefs,1
shift,6
deemed,1
valuable,12
creation,2
led,3
sides,7
moral,3
monday,2
naïve,3
reason,33
peco,1
somebody’s,6
chapel,3
hill,5
father,14
naming,2
percentage,4
raised,8
ends,4
christian,5
academy,3
refused,4
integrate,3
trend,1
knowing,13
rub,1
friend,23
eventually,5
queue,1
minimize,1
operating,6
crappy,1
imagining,2
issue,35
king,13
laid,1
riverside,1
speech,4
consumerism,1
militarism,1
racism,24
malignant,1
rich,7
operates,1
deconstruct,1
disagree,7
pervading,1
scarcity,3
hoard,1
clan,1
false,2
narrative,9
motherfuckers,1
reveal,2
contradictions,2
win,2
brothers,8
morally,1
convince,1
listen,25
dr,2
harper,1
rattles,1
constitution,3
appeal,2
obnoxious,1
widows,1
orphans,1
disenfranchised,1
hear,61
call,39
attention,20
hypocritical,2
disenfranchises,1
someday,1
teacher's,1
aid,4
organizers,2
minutes,12
wrap,5
faith,5
team,3
seventeen,3
teams,2
walks,2
partner,2
reintegrated,1
sex,7
sixth,2
offender,2
thirdly,1
setting,5
reoffend,1
texts,3
afternoon,2
triggers,1
nothing’s,3
snap,1
support,26
home,23
stay,13
bottom,4
rung,1
economic,5
ladder,1
encourage,13
adopt,2
referring,5
wordy,1
convicted,2
crimes,3
required,1
registry,1
term,18
loaded,1
creates,4
visceral,2
negative,9
response,6
who’ve,4
register,2
operative,1
confirms,1
humanity,8
adopting,1
taught,17
helps,5
humans,3
label,6
don,1
performance,5
collective,11
sum,1
play,20
top,12
audience,5
member's,1
laughs,33
felt,29
hour,6
refer,3
stories,4
fuzzy,1
hug-a-thug,1
lh/nw,1
hug,3
thug,2
colonize,1
dominate,1
demonize,2
savages,1
j*gaboos,1
languages,2
images,6
subhuman,1
legal,4
regime,1
militarization,1
debased,1
battleground,1
affirm,3
brother,9
sister,2
actions,9
canada,2
costa,1
pedophile,3
breaking,5
molester,1
continued,1
break,9
upgrade,1
helped,5
room,41
labeled,1
shame,2
intense,3
brings,12
round,3
process.[pause,1
yelled,1
liberal,1
minded,1
perspective,23
fear,26
proud,11
fear-based,1
losing,4
motivates,1
stake,4
sustainable,2
skin,6
afraid,13
build,10
key,3
tension,8
structure,12
broader,2
eb:where,1
plane,1
accepted,8
thinks,3
plenty,4
orleans,80
dillard,2
pressure,8
young,57
duty,13
methodist,1
hood,9
revitalized,1
katrina,13
baby,17
daughter,5
missouri,4
interviewing,1
merly,2
evers,1
ohh,3
wow,45
pop,9
persevered,1
recording,10
skye,1
allan,1
introduce,8
ladies,3
tony,2
telvitz,2
vocalist,1
carolinas,1
consultant,1
jason,3
woodberry,2
graphic,3
designer,3
web,1
developer,2
approached,2
residency,3
mccall,1
td,1
timothy,1
darden,1
music,29
producer,1
rapper,2
hasam,2
kirkland,2
associate,2
johnson,5
smith,4
cyber,1
member,5
naahbcu,1
alliance,2
hbc,1
universities,3
co-charter,1
rewind,1
hit,9
affirmative,27
action,29
hiring,13
gallery,24
roster,4
records,2
city’s,5
demographics,2
artist’s,2
charlotte,9
civic,39
responsibility,28
affect,11
formal,8
decisions,13
studio,21
phenomenon,3
agenda,4
memory,2
younger,9
generations,14
legacy,3
intergenerational,2
advocacy,3
mentorship,10
authorship,4
critical,9
writing,11
curatorial,3
practices,1
describe,8
exi,1
exhibition,9
scene,15
international,19
commercial,3
etcetera,2
prince,4
mentioned,7
researched,3
repeat,3
france,1
areas,11
career,6
effects,2
notions,2
foundation,7
inspiring,2
grey,1
hair,13
deseg,1
segregation,11
era,4
chosen,5
desegregate,2
catholic,6
parochial,1
hometown,1
virginia,2
venture,1
jaded,2
rolling,2
experiencing,2
girl,12
normalcy,1
expect,4
bishop,2
diocese,1
heels,1
civil,8
determined,4
desegregate-he,1
offers,2
write,8
brownie,1
girl-scout,1
boy-scout,1
troop,3
open,14
caveat,2
priest,2
parish,1
teachers,18
what’ll,1
backdrop,2
fallout,1
bathroom,1
scout,1
scouts,3
car,25
momma,1
daddy,1
packed,1
cheese,3
sandwich,1
fried,1
chicken,1
cupcakes,1
bother,1
roll,2
crayons,2
dark,4
picture,13
dad,8
finished,4
crayon,1
armor,4
true,38
depending,7
phrase,3
guy,37
ideas,9
conscious,6
transparent,2
prior,4
full,7
type,12
event,5
whine,1
simple,8
cookout,2
co-workers,1
battling,1
sound,7
silly,2
grape,1
soda,2
reach,11
feeding,3
stereotype,9
watermelon,1
recall,2
relate,9
rap,6
playing,13
join,5
dip,1
lose,5
there's,2
tug,1
they’d,4
rachet,1
sh*t,3
uncomfortable,8
mesh,1
longest,2
toe-dipping,1
makes,41
judge,3
drive-bys,1
selling,9
terminator’s,1
governor,6
california,18
screen,1
educated,9
behave,1
aw,1
man,67
videos,3
imitating,1
defining,1
arnold,1
schwarzenegger,1
movie,13
elect,1
tough,5
terminator,1
image,8
hardest,2
falls,1
assume,5
concrete,2
seventh,1
grade,4
studies,4
heavily,4
steeped,2
signed,2
baseball,1
ymca,1
soccer,2
season,1
compare,3
grown,5
similarly,1
understanding,16
met,8
tk,1
mmhmm,1
interact,5
adult,5
hours,8
cars,3
colleagues,2
peers,5
diplomat,1
ambassador,2
caught,7
combining,1
insight,2
identity,30
minority,10
you're,1
relief,1
explaining,3
like-like,1
shoot,7
walked,10
yard,2
racist,26
position,15
alienated,1
odd,2
touch,11
successful,10
multimillionaire,1
millions,4
perception,8
long,32
forget,8
nobody’s,4
comparison,2
dv,1
gift,2
incurs,1
environment,5
military,3
germany,1
overseas,1
fifteen,7
questioned,2
innately,1
pro-black,2
advocate,3
understood,4
consequences,7
bag,4
relatives,2
ohio,2
florida,4
cali,1
presented,1
stationed,1
washington,8
apparent,2
graduated,2
institution,25
meant,14
americans,21
africans,6
islanders,1
period,15
notion,7
founded,3
remembered,4
fruition,1
lord,8
fame,1
effective,3
scenario,1
mine,14
plans,1
reverse,1
dawned,1
advising,1
courses,1
granted,4
benefited,1
pathway,1
mind,25
tendencies,1
presence,16
revelation,2
powerful,3
recognition,2
opportunities,4
classroom,13
fought,5
owed,5
f*cker,1
confidence,1
ignorance,7
path,4
reverence,4
intellectual,8
singing,2
songs,3
wearing,5
shit,7
sad,14
shoulder,2
worked,11
battle,4
worse,5
carrying,1
weight,1
low,9
jcsu,2
awestruck,1
paid,8
frat,1
hbcu,2
kicking,2
recognized,5
constantly,12
shocking,4
mentality,3
consciousness,10
higher,2
conscience,1
apathy,1
lack,14
focus,5
romantic,4
intellectually,1
endowed,1
martin,10
luther,6
malcolm,3
lay,2
trail,2
media,18
promotes,1
galvanized,1
impart,2
connects,3
choke,1
foremost,1
fault,6
terms,61
knowledge,6
generation,25
opinion,5
soft,3
hardships,1
borne,1
husband's,1
struggled,1
discipline,1
yearning,1
requirements,1
reap,4
sow,1
conclude,1
face,25
pours,1
koolaid,2
drinking,2
nourishment,1
glued,1
honestly,13
crispus,4
attucks,4
truth,6
recent,6
passing,3
convictions,6
piggy-backing,1
piggybacking,2
talked,28
arm,1
maturity,3
tested,3
bare,1
sucks,1
bracing,1
punch,1
shooting,4
trial,2
balance,3
mature,1
embed,1
researching,4
lied,1
death,2
staying,5
substance,3
cliches,1
phrases,2
substantial,1
bear,3
ground,11
pledge,7
allegiance,1
army,4
vet,2
hand,16
heart,7
drill,1
sergeant,1
grandfather,5
bible,3
freedoms,1
flag,1
standard,4
whatsoever,2
blaxploitation,1
pimps,1
heroes,2
hoes,3
heroines,1
nineties,4
queen,2
latifa,1
ity,1
steadily,1
thousands,3
rims,1
search,4
common,8
album,3
producers,3
sales,1
albums,2
weren't,3
machine,4
credit,4
aware,11
google,2
biggest,6
marcus,3
paragraph,1
invented,3
don't,1
february,3
confine,1
teach,46
pre-slavery,1
dance,5
spoken,4
conference,1
xavier,2
catholics,1
non-black,1
ordained,1
influencing,1
walls,2
registration,6
timbuktu,2
kidding,11
ceases,1
amaze,1
lecture,2
exploding,1
cannons,2
door,9
theatre,1
influence,10
authored,1
renaissance,3
musical,1
difficult,19
perspectives,5
context,22
books,20
written,6
validating,1
accessing,1
traditional,5
methods,2
instructors,1
lectures,3
asks,1
demeanor,1
amazed,2
influential,1
phenomenal,1
handed,1
lecturer,1
panel,1
mouth,4
honesty,1
prevalent,4
alive,6
concerns,5
governing,1
editorials,1
producing,3
clapping,2
elderly,1
women,24
ninety,3
kile,1
wage,2
challenges,2
critically,1
existing,3
holding,9
protecting,2
pissed,2
information,14
shared,3
equally,1
message,5
progress,4
worrying,3
existence,2
wife,4
mothers,1
frustrated,7
present,12
wave,4
dumb,2
covert,5
realities,1
bumble,1
tells,2
book,22
who's,2
text,4
commodify,1
imagery,4
son’s,3
nah,5
i've,1
older,9
tone,6
relay,1
jump,6
bank,5
week,8
lie,1
receipt,1
engagement,3
oma,1
range,1
asked,30
volume,1
ma’am,3
whisper,1
whispering,3
emotion,1
mr,2
missy,1
sir,2
past,14
consciously,1
loud,6
cellphone,2
cough,2
meme,1
instagram,3
shout,1
n*gga,1
funny,13
boy,12
cornell,2
west,6
gas,1
floor,2
eurocentric,1
filled,2
supremacy,7
ready,9
die,3
underpinnings,1
court,24
land,6
industry,5
monster,2
imparts,2
seniors,1
squabble,1
topics,3
cocaine,7
mwa,1
brought,13
states,31
naa,1
outrageous,4
vein,1
arc,2
bowl,2
bitches,1
copy,1
weighing,1
barrels,1
painting,6
basketbowl,1
basketball,4
basket,1
abstract,2
springs,1
cotton,6
bsaketball,1
tossing,1
balls,1
sweat,2
knees,1
harder,1
oppurtunity,2
intelligence,1
picked,5
recognizing,4
men,15
died,3
effect,5
glory,1
skip,1
plight,2
camera,2
method,1
constant,7
else’s,3
mutal,1
results,2
abilities,1
oral,2
histories,4
product,1
prevail,1
fire,3
explain,7
admitted,3
bubble,1
super,5
republican,5
donald,1
trump,2
telling,10
zoos,1
belgium,1
girls,4
bananas,1
phone,3
superbowl,1
jerry,1
rice,4
disney,1
mvp,2
stance,2
accountability,3
blac,1
succumbs,1
mentors,3
beginning,10
till,3
slavery,6
forty,2
million,7
accounted,2
dead,11
migration,1
shark,2
pattern,1
species,1
dumping,1
slave,6
ship,9
genetic,1
makeup,1
animal,1
ecosystem,1
fish,3
favor,3
huh,8
compared,3
holocaust,4
mad,4
remind,2
number,18
painted,3
wrist,1
wrapped,2
entire,13
winston,2
salem,2
risen,1
command,2
mentor,5
retired,3
piss,3
he’d,3
equipment,1
flip,7
burgers,2
salad,1
kiss,1
natural,5
monkey,2
racial,8
infusion,1
diversity,8
feels,13
simulated,1
wives,1
livid,1
forgot,6
slamming,1
dammit,1
wash,1
stewing,1
realized,10
questioning,4
blah,12
single,5
blame,5
explosions,1
undergraduate,7
degree,19
broke,5
greensboro,12
dollar,2
suit,2
road,8
everyday,13
tomorrow,3
peace,2
disappointing,1
guy’s,5
blind,1
experiances,1
bar,8
problems,16
motherf*cker,1
cab,1
truck,1
settle,2
homeboys,1
button,1
catching,1
bus,7
borrowing,2
pass,9
company,4
bust,1
tail,1
beats,1
independence,3
dude,8
youre,2
disrespected,1
blessed,6
backbone,1
vision,2
supervisor,3
respected,2
professional,4
science,1
sciencedaily.com,1
email,6
titled,1
gay,16
title,3
test,4
ceos,3
hire,9
fourth,3
straight,6
twentyfive,1
added,1
explanation,2
presents,2
threat,10
female,5
tendency,1
nurturing,1
grab,4
coffee,2
dudes,3
ages,4
reference,5
viewing,1
knw,1
emotional,2
reaction,2
hurt,1
propensity,1
apolegetic,1
pride,9
owning,3
bench,1
warmer,1
threatening,2
eschlon,1
yeha,1
chooses,1
beat,2
courage,2
destroy,3
starting,10
jungle,3
tarzan,1
turkey,1
tv,4
blkack,1
monkeys,1
movies,2
killing,2
humanization,1
animals,2
bagira,3
character,7
characters,2
akila,2
idris,2
elba,2
sheer,1
khan,2
played,8
julian,2
husband,2
john,7
carlo,2
esposito,1
sher,1
voiced,1
presences,1
kills,3
main,7
mowgli,2
indian,2
solace,1
baloo,1
voices,9
bill,5
murray,1
ben,3
kingston,1
kinston,1
degradation,1
destruction,1
noted,1
headship,1
kings,2
displace,1
survive,4
kill,8
obama’s,2
presidency,2
don;t,1
cure,1
cancer,1
shut,6
rests,1
shutting,1
exists,4
kendrick,5
exactle,1
oppression,6
forbid,4
song,8
hits,1
fan,1
mess,7
becasue,2
unravel,1
obama,9
hes,2
upitomy,1
officially,2
wanteed,1
goal,20
tmes,1
chris,3
rock,3
fly,2
ill,4
siad,1
andthis,1
dentist,3
greatest,2
r&b,1
singers,1
famer,1
actor,2
slash,1
comedian,1
hilarious,2
chriss,1
noteable,1
hero,1
listening,11
muhamad,2
ali,2
ring,1
rihgts,1
didn;t,1
wasn;t,1
praised,1
untill,1
puts,4
entertainment,2
firm,3
believer,2
peaceful,3
earth,1
marian,1
grandad,4
birth,2
certificate,2
coca-cola,1
fishing,1
automatically,5
disturb,1
bike,1
clue,3
bye,4
whitest,1
meet,12
he’ll,1
culturally,3
insensitive,4
nowadays,2
jokingly,1
confused,5
careful,3
twisted,1
shocked,2
sparked,1
deleted,1
posted,3
jeopardy,1
categories,1
category,3
comic,2
copasetic,1
sweater,3
ivy,1
league,2
collegiate,2
brightest,1
htey,1
anyhting,1
rolls,1
words,16
throwing,7
cliche,1
disturbing,5
comments,12
shot,13
f*cked,1
matt,1
turner,7
nate,4
robinson,2
nate’s,1
promoting,2
joke,4
commentary,2
calm,1
collected,1
moms,1
food,12
streets,10
hanging,1
fathers,2
video,18
thng,1
screeching,1
window,2
opens,3
blues,1
cop,20
pulls,3
provocation,1
o’clock,4
wall.i,1
pops,1
lucky,9
line,11
figures,5
running,10
bolted,1
chases,1
exchange,2
month,13
freeze,1
pow,6
clip,1
watching,5
finally,5
lesson,2
gun,19
hoody,1
acting,2
pivotal,1
cops,4
famil.ies,1
whites,9
lines,10
wilmington,3
coast,2
bro,1
instituate,1
hting,1
mrcus,1
iwant,1
august,2
columbus,1
treat,5
communicate,3
fellows,1
antoine,1
outsider,9
circle,3
shallow,1
apple,1
yeah.okay,1
jazz,2
musicians,2
nccu,1
invitation,3
master,2
concert,1
epithet,1
racismyeah,1
becuae,1
dope,1
mariam,2
eversly,2
cheating,1
ruth,2
owens,3
indistinct,8
raven,5
crane,2
names,4
eva,3
christmas,4
emerging,4
residing,1
filmmaker,2
film,6
austin,2
allen,2
lsu,1
writer,4
poet,4
justice-person,1
noise,12
desire,4
your’s,1
blank,4
address,7
kinds,31
compelled,1
inspired,3
graffiti,8
murals,2
exhibit,7
blew,1
reclaiming,1
blighted,1
buildings,2
helpful,1
highlighted,1
specifically,11
erasing,1
physical,5
months,14
draws,1
attended,4
crowded,1
formula,1
interest,6
sites,2
healing,1
interactor,1
fully,8
thoughts,3
considered,14
defacing,1
signs,8
symbols,1
telephone,2
void,3
poles,1
warms,1
generating,1
con,1
layering,1
mardi,24
gras,24
indians,17
temporary,1
manifestations,1
frustrations,2
foursee,1
artistically,2
expression,4
ritual,1
figure,28
art’s,1
bloom,1
blossom,1
fixed,4
dolls,5
form,11
frustration,2
document,3
follow,6
laugher,2
traditions,5
doll,2
mya,4
informed,2
adjust,2
learning,7
tape,2
recorder,5
recognize,6
archive,1
india,3
similar,9
drawn,3
mention,5
link,1
linked,4
africa,13
sally,1
heller,1
prospect,1
metal,1
material,1
covered,3
claude,9
links,1
chain,1
informs,1
paper,10
meaningful,3
that’s-that’s,1
headed,1
direction,4
responsible,5
representing,7
process,19
metaphor,1
loosely,2
filmmakers,2
to-have,1
responsive,3
responding,4
highly,2
marginalized,5
combination,1
psychologically,1
oriented,3
sociologically,1
pieces,2
collage,1
happy,7
joyous,1
collages,1
newspapers,1
killings,1
psychological,2
deconstructing,2
exercising,1
exorcising,2
exorcist,1
dancing,2
connecting,1
joy,1
underlying,2
politically,3
correct,4
counter,2
argument,9
hallmark,1
devoid,2
grit,1
bite,2
ba,1
banal,1
trite,1
fascinated,1
decades,6
resolved,2
pardon,4
fascinating,8
collectivity,1
excluded,2
america,23
disturbs,3
traumatizes,3
complacency,1
realm,6
drives,2
dimension,2
woke,3
disturbed,2
universe,3
ledge,1
mediocre,1
prescription,1
vulgar,3
interview,3
npr,2
beatles,1
listened,1
perform,5
nondiscriminatory,1
prescriptive,1
implies,2
citizen,5
external,1
anti-citizen,1
impling,1
poetry,3
cathartic,1
pointed,1
mystery,2
mediums,1
purposes,2
interacting,2
medium,4
profitable,2
audiences,2
prejudices,1
consistent,3
habit,1
redefining,2
establishment,4
normative,1
prescribed,1
queer,9
represented,4
paying,7
duties,1
ideal,3
meditating,1
debt,7
essay,1
defined,6
fulfill,1
striving,1
concerned,8
objectifying,4
objectified,1
whomever,2
boat,2
anxious,1
photograph,2
spot,4
sociological,1
surrounding,1
sexuality,2
psychology,1
objectification,1
subjects,1
soap,4
preach,1
negate,1
homemaker,1
agency,2
hm,1
relates,4
definition,7
monopoly,1
water,8
pure,2
reasons,3
engagements,1
cities,11
encouraging,2
assertion,1
redefine,2
hearing,15
excites,1
short,11
pillars,3
everything’s,4
beauty,2
seize,1
special,7
vulnerable,2
fears,1
intention,2
cultivating,1
act,12
pain,1
sacrifice,4
surrender,1
self-autonomous,1
ha,1
navel,1
gazing,1
invited,6
stuck,3
disruptive,1
polite,2
remotely,1
disrupt,4
non-confrontational,1
disrupting,2
western,1
universal,4
themes,1
odyssey,4
hated,4
classic,3
annoying,1
everyone’s,5
let's,1
mine’s,1
internet,8
sharing,1
inspires,1
imani,1
occupying,1
internationally,1
picasso,1
paintings,2
italy,4
renowned,1
tiers,1
statement,5
museums,7
guerilla,2
rambling,1
definitions,2
exhibitions,4
consume,2
collision,1
convergence,1
suffers,1
hierarchies,1
basis,7
measure,1
publicity,2
films,2
assumption,2
view,6
viewers,1
irrelevant,1
ongoing,2
earlier,12
exhibited,2
addressed,4
addressing,1
julia,2
funded,7
avant,1
garde,1
burgeoning,1
thriving,1
york,28
superstars,2
venice,1
biennale,1
absolute,3
countries,7
smorgasbord,1
damien,1
hursts,1
idol,1
travel,6
bed,3
tumblr,1
distinctions,1
fluid,2
exit,1
shop,5
series,4
formulate,2
symbiosis,1
nfy,1
sustenance,1
institutions,24
affirmed,1
acing,1
cultures,9
article,7
atlantic,1
reparations,3
implications,1
haiti,8
haitian,4
influences,1
louisiana,3
kicks,1
expound,1
slaves,10
haitians,1
droves,1
influenced,3
architecture,1
infrastructure,5
implication,2
shotgun,2
creole,5
cottage,1
transfixed,1
nature,7
layers,2
accident,2
placing,1
stating,3
greater,5
expectations,1
include,2
doors,3
nail,2
disavow,1
microscopic,1
opponents,1
the-the,1
capitalistic,1
cost,4
dehumanizing,1
economically,5
impoverished,1
roots,3
settled,2
analyzing,1
transplant,1
native,12
fit,5
perpetuate,2
positive,12
bridging,1
eyed,1
houston,4
noticing,1
acceptable,3
immigrants,5
strange,10
memories,1
camellia,1
grill,1
creeped,2
dynamics,1
interactions,5
staff,2
fifties,1
gather,2
figuring,6
organizations,15
unfathomable,1
classify,2
lesser,1
preparation,2
exposure,2
parentage,1
dismissive,1
journey,2
integral,1
distressing,1
capitalist,3
libraries,1
frustrating,5
waste,2
erased,2
dilemma,1
strategy,11
disavowing,5
news,10
texas,3
recently,14
angry,16
redhead,1
incident,3
bleach,2
balloons,2
poc,2
iteration,2
tokenizing,3
scattered,1
safety,5
valve,1
molded,1
token,4
tokenized,1
lonely,2
website,10
mcdonald's,1
defense,3
ride,7
carleton,1
upset,3
bound,1
freedom,6
construct,7
chapters,1
constructions,1
politics,13
offensive,6
feminism,1
aids,2
crisis,2
realms,2
triggered,1
agreed,2
brain,3
reaching,5
respond,10
marxists,1
inequality,1
affects,3
marginalizes,1
binary,2
multi-dimensions,1
confined,2
limiting,2
bothers,6
othering,3
wielded,1
universals,1
hong-an,11
truong,11
omisade,198
volunteered,1
heather,11
hart,7
chorus,6
juan,217
logan,37
mandy,129
omi,2
carter,28
autonomous,2
joseph,161
jordan,9
neat,1
boston,1
general,30
abdicate,1
throne,1
nope,5
want….you,1
scissors,1
eating,4
alright….let’s,1
i’mma….alright,1
burney-scott,2
hmmm,1
hmm”s,1
segments,1
robin,1
lorraine,126
maxwell,7
stacy,115
kirby,15
resolve,1
problematic,11
server,2
diet,1
coke,3
exist,10
approach,6
conflict,6
resolution,3
ummm,5
potential,2
accord,1
police…uhhh,1
intervention,1
that….i,1
qualitative,1
difference,25
institutionalized,3
el,1
centro,1
hispano,1
latina/latino,1
partners,1
agents,2
vice,2
won,3
southerners,2
faith-based,1
notice,3
lit,1
carter:you,1
crater,1
communal,1
coalitioning,1
sic,8
sigh,2
governance,2
govern,1
frameworks,1
principles,1
hold,2
accountable,1
over-policed,3
politicking,1
intersectionality,2
showing,6
sons,3
twenty-two,3
reminded,2
dealt,7
policed,2
compounded,2
anxiety,1
ancestral,1
anxiousness,1
waking,1
inside,12
fearful,2
overly,5
teenager,3
lapse,1
judgement,2
fatal,4
outcome,3
break-ins,1
union,3
neighbor,1
elder,1
davis,2
mid-sixties,1
knocked,2
opened,5
pistol-whipped,1
stole,1
wallet,1
over-policing,2
alt,1
and/or,5
arresting,2
suggesting,2
generally,10
so….i,1
grand,5
of….overall,1
opportunity….we,1
immediacy,1
standing,3
gentleman’s,1
beating,1
where….where,1
continuum,5
plate,3
face-to-face,2
violent,5
interaction,2
conflated,1
basic,14
viable,2
vital,1
plays,6
unfortunate,5
cupped,1
fist,1
softly,1
encounter,1
nonsense,3
weed,2
slammed,2
navigate,2
james,7
allen’s,1
sanctuary,2
lynching,6
photography,6
familiar,6
actively,3
passively,2
lynchings,2
negotiate,6
suggest,4
tuskegee,4
experiments,2
guatemala,1
doctors,2
churches,9
traditionally,3
robbed,2
teenage,1
punk,1
elevator,2
apartment,4
interviewed,1
rob,1
scared,7
mmmm,1
irregardless,1
robbing,4
leary,1
eye-witnesses,1
swear,2
accosted,2
subway,1
protected,3
males,5
twelve,10
thirteen,8
located,1
driving,14
shouldn’t,7
daily,3
larger,14
gangs,5
armed,3
segment,2
authorized,1
handle,5
marches,1
wear,5
riot,3
gear,3
escalates,1
arming,3
leads,3
branch,2
nn-nn,1
three-hundred,1
prepared,5
terrorists,3
protesters,3
guns,4
airports,2
sets,3
significant,4
towns,3
idaho,1
yeahs,1
insane,4
unnecessary,2
switch,2
dinging,2
bell,2
successfully,1
stick,1
consolidate,1
implementing,1
strategies,4
officers,5
formed,9
inmates,1
clears,5
throat,5
assuming,2
success,3
realistic,2
drops,1
personally,10
margo,1
okasawa-rey,1
san,2
francisco,2
korean,4
african-american,4
koreans,1
source,3
unrealistic,1
solution,1
steps,3
persona,1
grata,1
d.c,6
began,24
demonstrations,1
embassy,2
engaged,9
disobedience,1
released,1
immediately,9
dismissed,2
demonstration,1
finish,4
plan,6
tactic,2
addition,3
yay,3
geez,1
oy,3
hid,1
yoy,2
select,1
instantly,1
mean….yeah,1
worth,3
over-discuss-ance,1
obvious,3
it’d,3
steal,2
videogame,2
boundaries,2
freshman,1
frontal,1
lobe,1
religion,2
eshu,1
cross-rudes,1
crossroads,3
missionaries,1
encountered,1
trickster,2
consequence,2
officer,3
wrote,6
citation,1
fourteen,12
i.d,1
driver’s,6
license,9
passport,5
identification,5
counselor,5
magistrate,1
moments,6
judicial,2
bigger,5
trouble,4
ex-husband,1
assessment,2
che,1
se,1
determine,2
teen,9
court-court,1
answered,1
cur,1
random,6
likes,1
authority,3
sociologist,1
recite,1
preamble,1
indicator,1
bubbles,1
pseudo-scientific,1
seated,1
att,1
attorney,4
prosecuting,1
jurors,1
remediation,1
irony,1
ran,2
wholeheartedly,3
mistakes,1
mistake,8
deciding,1
belong,6
smoking,1
dastardly,1
terrible,9
weekends,2
activities,3
extent,6
awhile,1
beaten,1
regular,8
gang,4
simply,9
conflation,1
rght,1
trans,13
chuy,2
huerta,2
jesús,1
arms,1
handcuffed,1
worried,9
skateboarder,1
glass,1
cooling,1
activity,4
reduced,3
lessened,1
offense,13
cuffs,2
charge,6
misdemeanor,4
mis,1
sociopath,1
felonious,1
murder,2
twenty-four,2
shou,1
commit,3
multiple,4
omi’s,1
non-children,1
suffer,1
differently,3
outcomes,2
cruxes,1
treated,3
jaywalking,2
criminalize,1
penalties,1
traps,1
ounce,1
marijuana,4
element,5
nuisance,4
committing,3
feet,2
vagrancy,1
raises,1
sanction,1
exact,2
olds,5
butner,4
largest,1
fastest,1
buckner,1
alternatives,2
criminalizing,2
release,1
custody,2
counseling,1
directly,11
micro-level,1
grandkids,2
estimation,2
capability,1
argue,5
maximize,1
treatments,1
molesting,1
sexually,2
assault,4
constitute,1
minnesota,4
cussing,1
messed,3
ticket,3
parking,6
tickets,4
fee,1
segway,1
cases,6
psychologist,4
decides,4
developed,5
functions,1
twenty-one,1
twenty-five,5
dec,1
horrendous,1
separated,1
committed,1
seized,1
decriminalizing,1
no-brainer,1
why...but,1
basing,1
courts,1
curb,2
filling,1
oftentimes,6
advantages,1
distinction,2
responded,1
miniscule,2
amounts,2
felonies,4
gradations,1
civically,1
licensing,1
bonding,2
tethered,2
reached,5
ex-offenders,2
slate,1
table’s,1
unstable,1
checking,2
felony,11
conviction,9
satisfied,1
conditions,4
parole,1
haphazardly,1
shoplifting,3
could’ve,2
circumstance,1
hadn’t,7
shown,2
showed,6
mischief,1
dag-on,1
guard,1
kick,3
butt,1
determination,2
injures,1
domestic,1
disturbance,1
sensibility,1
referred,2
joe,4
managing,2
sculpture,13
permanently,4
dismiss,1
teens,1
miss,1
cycle,3
predicting,2
end-point,2
sees,3
possibility,6
discouraged,1
assured,1
understands,1
primary,2
solutions,2
eye,4
eye-opener,1
courthouse,1
courtroom,1
bail,1
court-appointed,1
attorneys,1
stunned,1
lincoln,16
health,1
societal,1
weak,2
ex-governor,1
jail,15
heinous,1
outrage,1
haves,2
have-nots,1
lawyers,2
football,5
players,6
have-not,1
emerge,1
womb,1
track,4
this...okay,1
holder,1
lasting,1
deepen,1
analysis,2
generationally,1
separate,5
divorce,1
individualize,1
messing,1
jesus,1
one-hundred,1
testify,2
surprise,2
statistics,4
seat,1
father’s,2
muffled,2
laugh,3
stopping,2
yessir,1
backseat,1
handled,2
i...that’s,1
females,1
disregard,1
upstate,4
a.m,4
fifty-five,1
drop,5
thirty-five,4
escalade,1
smoky,1
windows,1
hat,3
backwards,3
joking,1
toyota,2
corolla,2
im,1
fancy,1
importantly,1
light,6
speeding,2
forty-two,1
arizona,4
volvo,2
limit,2
excuse,6
report,1
warrant,1
those….yeah,1
albany,1
tasty,1
where’s,3
restrooms,2
women’s,1
shape,1
formulated,1
framed,2
whoa,3
reactions,1
progressive,3
contributed,1
advancements,1
extremely,2
reactionary,2
aggressive,3
evident,1
king’s,1
israel,2
palestinians,1
elements,4
essentially,6
acts,2
fired,2
battles,2
ho,1
howard,14
gender,16
charter,11
church’s,2
dividing,1
imagined,1
poised,1
wond,1
latino/latina,1
nevermind,1
immaculata,4
masses,4
spanish,6
game-changer,1
c.a.n,1
spelling,2
disparate,2
campaign,1
commonality,1
services,3
immigrant,3
workers,5
rides,2
traveled,4
route,1
headsets,1
headphones,1
doggone,1
institutionally,1
person’s,2
flunked,1
congregation,1
cetera,1
souls,1
unitarian,1
partnering,1
so-called,2
worst,5
solve,1
world’s,1
dominant,5
spread,1
train,4
min,1
meaning,8
traveling,2
movements,10
rea,1
primitive,1
baptist,1
roads,2
spoke,5
mexico,1
bye-bye,1
gods,1
final,4
seventy-nine,1
baby-boomers,1
selma,1
su,1
wake,12
dwelling,1
frankly,1
depressing,1
intentionally,4
navigating,2
seek,2
spirithouse,1
s.o.n.g,1
tribe,9
tease,1
solid,1
blowing,2
keeping,6
outlier,3
matias,1
agist,1
mandy:oh,1
watershed,1
preceded,1
elders,2
allies,1
who’re,1
messy,4
youngings,1
beneficiary,1
blows,1
siblings,1
eighties,4
employee,3
awareness,1
spend,6
belmont,3
bel,1
b.e.l.m.o.n.t,1
grateful,1
stepdad,1
jumping,1
uphill,1
promised,1
hungry,7
unison,1
handry,1
that’ll,1
day’s,1
happenings,1
mentally,1
verbally,1
stage,1
anger,5
content,6
satisfaction,1
accomplished,1
planned,2
fortunate,1
marvelous,1
yale,16
naw,5
sweetie,1
stacy:i,1
noises,3
kick-stand,1
sheena,2
rose,2
quandrick,2
hagans,2
alumni,1
a&t,9
manager,1
bloc,1
supply,1
venue,1
gate,1
boulevard,2
sydia,2
warren,2
syd,1
junior,1
fashion,1
merchandising,1
painter,2
barbados,8
received,1
fulbright,2
scholarship,2
pursue,1
masters,5
unc-g,3
carolina-greensboro,1
multimedia,1
performances,1
drawings,1
animation,3
granddad,116
bennett,5
guilford,2
emeritus,1
meantime,2
professions,1
simultaneously,1
essential,1
extended,4
grandsons,1
collection,4
collectors,14
successes,1
production,2
maintenance,3
beginnings,2
co-founder,1
resident,3
summer,2
drawing,1
practice,5
randomly,2
coughing,1
responsibilities,2
creative,8
cardell,1
caribbean,7
graanddad,1
majorities,1
minorities,2
normal,5
travelled,1
amsterdam,1
suriname,1
visited,2
avoiding,3
forcing,1
avoid,1
pleased,2
opportunity’s,1
sample,1
assumptions,3
regard,4
frame,2
colonized,3
diaspora,2
collector’s,1
degrading,1
entertainer,1
island,2
sun,2
steel,1
pan,1
elite,1
curators,3
blunt,1
heavy,3
sighs,2
lump,1
carpet,2
dusting,1
sneezing,1
sweeping,2
harsh,2
describing,2
apartheid,1
ignorant,13
divide,1
derogatory,1
complexion,2
sw,5
perceive,1
visually,1
puerto-rican,1
aspect,5
identifies,2
theory,3
feelings,1
melanin,5
lighter,3
compliment,2
struggling,3
categorized,2
deals,1
quote,7
unquote,5
aesthetic,6
canon,2
sixties,5
funk,1
figurative,1
unexpected,2
generational,2
extension,2
celebrate,2
ninetieth,1
birthday,1
december,1
exer,1
tran,1
transformation,2
dared,1
minister,1
township,3
leading,1
seeking,1
divided,1
conform,1
youngster,2
sanford,1
completed,2
drafted,1
navy,4
ii-that,1
joined,1
service,11
nation,5
opp,1
pilot,4
classmates,3
pilots,1
segregated,8
unit,1
airmen,2
model,3
planes,5
ceiling,1
complete,2
naval,3
air,2
aviation,1
machinist,1
airplanes,2
maintained,2
greatly,1
shipped,2
hawaii,2
bombed,2
japanese,3
upside,2
troopship,2
actual,8
pacific,5
pearl,3
harbor,3
ships,1
attached,2
units,2
serve,5
wars,1
patches,2
wings,1
propeller,1
attachment,1
uniforms,2
carriers,1
ditty,2
bags,3
colors,3
commander,2
forty-five,1
directions,3
gave,14
captain,1
orders,5
couldn’t’ve,1
transferred,3
require,1
we’d,2
base,5
trained,2
contingency,1
sugar,2
endia,3
beale,2
diggs,1
winston-salem,4
bases,1
personnel,1
civilian,1
manifestation,2
embrace,2
ye,1
factors,1
post-doc,4
mfa,13
populations,7
educators,2
types,10
sculpting,1
baroque,1
indulging,1
self-conscious,1
leader,1
sympathize,1
recommend,2
supposedly,1
t.v,2
suffocated,1
dialogue,9
stamped,1
individually,2
install,1
barrier,1
stereotypical,5
deliver,1
educational,6
reinforcement,1
doubted,1
react,1
admit,3
accept,3
draw,5
relieving,1
m.f.a,4
popping,1
attending,1
fairly,4
humane,1
fellowship,2
skowhegan,4
selected,2
survived,1
maine,1
inherent,2
constituents,1
though/there,1
demanding,1
advancing,1
advanced,2
talent,1
projector,1
visiting,4
professors,3
fellow,1
england,1
yashikushi,1
ya-sha-ku-shi,1
kumioshi,1
yasuo,1
kuniyoshi,1
artists-in-residence,1
projections,2
groups,13
critiques,2
alma,1
thomas,3
designed,2
infiltrate,1
politic,1
competition,1
someone’s,4
mickalene,1
iona,1
rozeal,1
kehinde,3
wiley,3
wangechi,1
mutu,1
outliers,1
opening,3
harlem,2
network,2
congregating,1
discussed,3
tired,3
documentaries,1
contemporary,7
reflective,3
innovative,3
exhausted,1
missed,2
clever,1
militant,1
scream,1
relevant,4
yelling,2
creating,9
passionate,2
columbia,1
deadline,1
budget,1
refreshing,1
limits,1
networking,1
contacts,1
vocal,2
express,2
communicative,2
exude,2
ab,1
mild,1
instincts,1
collect,6
galleries,17
sold,5
colleges,1
injustices,2
beings,1
europe,5
académie,2
paris,2
youngsters,1
ghetto,3
hitler,1
shock,5
amazingly,1
condition,5
paramount,1
french,8
welcomed,2
jewish,3
saint-michel,1
patrick,2
earl,2
hammie,2
divvy,1
rehema,2
spades,1
slap,1
arbitrary,1
owusu,2
attah,2
ghana,10
ceramics,1
post-black,22
forward-looking,2
marcos,3
tarble,4
chief,3
curator,12
thelma,5
golden,6
glenn,1
ligon,1
romare,3
bearden,3
jacob,2
lawrence,2
africobra,2
cheerleading,2
camp,2
surreal,1
slew,1
poofy,1
too-toos,2
cute,1
sororities,1
cheers,3
oneself,4
uic,1
mixing,4
post-post-black,2
pushback,3
abstraction,2
abstractionists,1
seventies,2
deborah,1
dancy,1
connecticut,1
grm,1
namby,1
pauses,1
representation,3
post-identity,1
honed,1
cheering,1
locate,1
performs,2
engine,2
revving,2
post-post,3
coining,1
brazil,6
possibly,2
snippets,1
identified,5
purely,2
merits,2
ascribe,2
post-black-black,1
w.e.b,1
dubois,2
double,2
poets,1
alain,1
locke,1
talented,4
tenth,4
triple,1
quadruple,1
ideology,2
post-blackness,3
fracture,1
reveals,2
acknowledge,2
unpack,1
likeminded,1
constructed,3
indoctrinated,1
visible,2
forefront,1
positioned,1
seminal,1
whitney,1
curated,2
abbreviating,1
masculinity,2
monolithic,2
facets,1
talks,8
posit,2
representative,1
blackness,3
election,2
terminology,2
arrived,1
surpassed,2
barack,3
post-race,4
fallacy,1
elected,1
deny,3
lineage,1
otherness,1
europeans,3
married,3
marry,2
mulattoes,1
transatlantic,1
direct,2
kenya,3
descendants,1
criticism,2
truer,1
discussions,1
invent,1
exhausting,1
roles,2
inhabit,2
strip,1
simplified,1
complex,1
complicated,5
blood,4
tears,1
peoples,2
stretch,1
essence,1
acknowledgement,1
monolith,1
myriad,1
expressions,1
acknowledged,3
quality,2
artwork,7
multitude,1
foot,2
heterosexual,1
perturbed,1
rampant,2
charleston,9
thefts,1
vandalism,1
huddled,1
offices,1
rumors,1
taps,1
dying,4
one’s,2
rise,3
gangster,1
disciples,1
brooklyn,3
criminals,1
crooked,1
qualify,1
narratives,1
affecting,5
perceptions,1
persons,3
presenting,2
underrepresented,1
normalizing,1
dramatic,1
quo,1
forever,2
hip,5
hop,4
lamar,3
subscribe,1
titles,1
curate,1
academicize,1
performative,1
maker,1
ethnicity,4
postcolonial,1
critique,3
man-ness,1
performing,1
rescribing,1
standards,1
mainstream,1
descent,5
originated,1
rubell,3
collector,10
miami,3
player,3
institutionalization,1
kerry,1
marshall,1
rubells,1
argued,1
ideologies,1
framework,3
margin,1
trotted,1
trot,1
permission,1
blown,1
travelling,2
unheard,1
show’s,1
atlanta,4
wisconsin,1
cincinnati,2
unbelievable,2
basel,1
beach,1
sensation,1
agreeing,2
disagreeing,3
silent,2
nod,1
standpoint,2
authors,1
operate,5
predescribed,1
lets’s,1
devil’s,1
paraded,1
eradicate,1
points,8
subvert,1
pepper,1
eiu,5
necessity,6
independent,3
unites,2
strangeness,1
object,1
concepts,2
academic,1
poststructuralism,2
postmodernism,1
controls,1
inaccessible,1
reinforcing,1
illinois,27
interpret,3
commissioned,4
consumption,1
that’d,2
plaza,1
green,4
fundings,1
produce,3
memorial,4
dakota,1
vietnam,1
maya,3
lin,1
jason’s,1
abraham,13
ironical,1
represents,4
kit,1
abolitionist,1
gotcha,2
absolut,1
hank,1
willis,1
o’hare,1
actualizing,1
outdoors,3
challenge,2
threshold,1
threw,2
refilling,1
interpreted,2
prompts,1
typically,1
accessible,1
prompt,1
semi-permanent,3
ephemeral,1
confronted,1
sustained,1
engages,1
considers,2
mask,4
scholar,1
olney,2
monuments,3
plaques,1
monument,7
erected,1
pointing,1
arguing,1
clarifying,1
contentious,1
springfield,2
centers,1
re-inscribes,1
insular,1
champaign,2
commission,1
shapes,1
designs,1
harken,1
modernism,1
minimalism,1
contributing,2
catches,1
hitting,3
inhabits,1
serves,1
occasionally,3
note,1
ceremony,1
sculpture’s,1
repair,1
aim,1
porch,2
impacting,3
claiming,1
site,2
technically,3
darnit,1
didi-huberman,2
reverb,1
sculptures,4
legs,1
horse,5
decorate,1
aesthetics,1
related,11
concept,3
semi,1
propaganda,1
incorrect,1
reaffirm,1
meritocracy,1
debate,2
revision,2
squares,1
generals,1
occupy,1
continually,1
petitions,1
remove,3
rethink,1
signifying,1
supporting,6
communicating,1
interactive,1
committee,2
forgotten,1
slippery,1
slope,1
baltimore,2
statue,2
divine,1
drag,2
waters,1
disappointed,2
wood,1
carving,1
hot,1
rethought,1
render,1
typical,2
aesthetically,3
masterful,1
carni,1
clown,3
carnival-like,1
whaaat,2
gloves,1
patterson,1
profound,1
friday,1
fascination,2
romanticizing,1
freed,3
believed,1
equality,4
birthplace,3
dc,2
mythologize,1
retell,1
prejudice,1
zombies,1
vampire,1
hunter,3
idolize,1
idolizing,1
hercules,1
zeus,1
sunsu,1
traumatic,1
ugly,2
nat,7
tied,1
ugliness,2
revolt,5
result,7
caused,1
plantation,1
historic,4
par,2
spartacus,1
grandeur,1
charlton,1
heston,1
truthfully,1
hateful,3
django,5
quentin,3
tarantino,3
unchained,1
romanticized,3
stylized,2
scenes,2
singleton,2
scandal,1
roommate,5
assaulted,1
vey,1
co-writer,1
adaptation,1
script,1
consensual,1
spotlight,1
movie’s,1
dirt,4
overshadowed,1
turner’s,1
myth,1
bedtime,1
scare,2
recordings,1
haiti’s,1
nations,1
declared,1
fundamental,2
under-education,1
willful,1
achieve,4
sport,1
claps,1
underfunded,2
textbooks,1
materials,2
desks,1
falling,4
facilities,2
watched,4
rambo,2
iii,1
television,4
featured,1
joining,1
forces,5
afghan,1
afghanistan,1
al-qaeda,1
communist,1
russia,1
collaborating,1
overthrow,1
communism,1
anniversary,2
technicolor,1
storytelling,3
selectively,1
ritualized,1
sexualized,1
she’d,1
sophomore,2
realization,1
selectiveness,1
facts,1
counter-education,1
voodoo,1
magic,3
devil,1
losses,1
religions,2
prompted,1
touches,1
wore,3
assimilate,1
raise,2
assimilated,2
mimicking,1
portray,2
symbol,3
ashanti,1
northern,2
undergrad,1
headdresses,2
portraits,1
undergrads,1
hugely,4
impacted,2
anime,2
export,1
exports,2
hollywood,3
bollywood,1
japan’s,1
exporting,1
electronics,1
jv,5
rujeko,2
hockley,2
sean,2
seattle,3
jeffrey,2
sims,2
kikeli,2
suma,2
devin,2
kenny,2
nicole,4
awai,2
previously,1
ken,3
briefly,1
energy,9
ethnic,6
rosters,3
distribution,6
colorful,1
registrars,1
collectorship,2
broad,3
fifty-fifty,2
accurate,1
largely,6
illustrator,1
micol,1
hebron,1
tally,1
redoing,1
overwhelmingly,1
classed,1
merit,5
sexual,2
orientation,2
reflects,3
productive,1
fabulous,2
bizarro,1
there’d,2
actors,1
channel,1
scriptwriter,1
expecting,3
utopia,1
thereof,1
worthwhile,1
punishment,1
pursuing,1
equation,3
definite,1
demographic,2
reflected,3
asian,4
decoration,1
communication,4
shows/acquisitions,1
goals,4
parity,1
chelsea,2
expensive,2
collecting,2
michelle,3
papillion,3
enters,1
joan,1
los,1
angeles,1
dealer,3
posed,1
la,2
dealers,1
partly,2
share,7
patronize,2
technology,4
day-to-day,1
twitter,5
account,2
peaking,1
discovering,1
patron,5
significantly,2
millionaires,1
billionaire,1
gallerists,2
uncle,3
uncle’s,1
dinner,4
circles,2
informally,3
circumstances,1
count,1
increasingly,2
buys,2
parameters,1
work’s,1
curious,11
concern,3
disconnect,2
gugg[enheim,1
match,1
checks,1
host,1
galas,1
foundations,3
invite,3
directors,1
loves,3
discovery,1
foster,2
promote,2
relationships,3
eileen,1
norton,1
pamela,1
joyner,1
makers,1
patrons,2
buyers,1
conceptual,1
david,2
hammons,1
print,5
comical,1
twist,1
ac,1
hudgins,1
candy,1
obsessive,1
texting,1
pictures,2
midnight,1
gagosian,1
observe,1
streamline,1
continuation,1
full-time,1
part-time,3
financial,5
afloat,1
rewards,2
artist-collector,1
owns,2
soho,1
fuck,1
long-term,6
strike,2
chord,1
strictly,1
attracted,3
pomade,1
iconography,1
instagrams,1
click,1
style,1
inform,1
informing,1
brainstorm,1
exclamation,1
graduate,10
outreach,2
collapse,1
post-doctorate,1
cooper,2
other’s,1
studios,3
sorts,5
discourse,1
generate,1
implying,1
delicately,1
degrees,2
williamsburg,4
regional,2
ideally,1
provide,5
germane,1
keyed,1
abundance,1
convened,1
distrust,1
toll,1
funeral,1
control,5
perceived,5
entities,1
placement,1
connections,4
limited,1
scic,1
hunting,1
forms,3
apprenticeship,2
bass,2
tutorials,1
saved,1
emailed,1
uk,1
practiced,1
diy,1
purports,1
promise,2
fresh,1
professionalization,2
positives,1
ropes,1
ostensibly,2
teaches,1
fence,1
pedagogy,1
skills,2
grip,1
goddamn,1
taylor,2
networked,1
tyler,2
posterity,1
unusual,2
silver,4
portfolio,1
reviews,1
applying,2
visits,1
objective,1
unlearn,1
manipulating,1
adjusting,1
dean,2
positions,1
inherently,1
flawed,2
impossible,3
grapple,1
opposed,5
tokenism,4
substantive,1
reproduce,1
lining,2
classes,6
redeeming,1
narrow,1
capable,1
crap,3
resource,1
grabbing,3
bullshit,1
stepping,2
re-centered,1
institution’s,1
functionally,1
excelling,1
manner,1
sheet,3
two-year,1
paths,1
ultimate,1
senses,2
stamp,2
segued,1
segue,3
targeted,9
initiatives,6
dovetails,1
ltas,1
hires,1
exploited,1
labor,1
incoming,1
workforce,1
constituted,1
misnomer,1
hired,5
lacked,1
lacking,1
diversified,1
planet,2
two-step,2
fill,5
shushing,1
kimbark,1
wiki,1
page,4
wikipedia,2
petting,1
ego,1
carrie,1
weems,1
reclaim,1
homework,1
publish,1
pages,1
decompress,1
flesh,1
transcript-ed,1
aliza,1
applause,1
rachel,1
gelfand,1
june,1
roymieco,1
guido,2
villalba,2
portel,2
productions,1
crew,1
editor,1
boxes,3
amplifier,1
dj,1
anti-black,1
wind,10
brenna,2
ragghianti,2
memphis,3
tennessee,2
antiracist,1
louisburg,1
graduating,2
cue,2
librarian,1
stanford-warren,1
library,3
fun,3
burning,1
offences,3
apt,1
elephant,1
society’s,1
identities,2
mechanisms,1
jails,1
profile,2
region,2
spheres,1
struck,2
relative,17
clarify,2
cross-segment,1
cohort,1
rallies,1
appeared,1
preaching,1
choir,1
angela,1
duke,2
observed,2
mission,2
accomplish,1
grandstanding,2
tutorial,1
mentoring,2
cats,2
youngest,1
bird,2
redlining,2
disillusion,1
wealth,1
location,1
prostitutes,1
mamas,1
grandmamas,1
energy…not,1
newspaper,4
familiarized,1
intersections,3
queer-identifying,1
femme,1
liberation,3
visibility,1
step,7
brutality,4
accessed,1
distributed,1
widely,1
proved,1
policemen,1
evil,1
guilty,3
deeply,1
embedded,1
mindsets,1
conditioned,1
attempted,2
tenets,1
school-to-prison,3
pipeline,4
four-year,3
suspended,2
interacted,1
behavior,3
primed,1
incredibly,1
asleep,1
wheel,1
racists,1
frequently,2
chewing,1
gum,1
sro,2
defend,1
him…that’s,1
offence,1
rehabilitation,1
juvenile,1
detention,1
highlighting,1
articles,1
debunk,1
perfect,2
surely,1
piggyback,1
leadership,4
attention.[wind,1
chapter,1
self-sustainable,1
squad,7
strengthening,1
workshops,1
showcases,1
interrupt,1
harold,1
cruise’s,1
negro,5
failure,1
rebellion,1
cruise,2
pitfalls,2
dissects,1
collaborative,1
liberals,2
quasi-nouveau-black,1
radicals,1
amiri,3
baraka,1
crumble,1
slide,1
communists,1
writers,1
guild,1
artistic,1
vanguard,1
revolutions,1
crichlow,1
nasher,3
atelier,1
weatherspoon,1
energized,1
pickets,1
dial,1
backgrounds,1
codify,1
constructive,1
surround,1
that’s…that,1
appropriation,6
ideals,1
glossed,1
squads,4
tribes,1
rhetoric,1
intersect,1
qpoc,1
removed,4
ancestors,2
popularity,1
ambiguity,3
author’s,1
repeating,1
popular,6
divisive,3
skeptical,1
missing,3
forest,1
trees,2
subset,3
suburban,2
trap,1
seats,1
nigga,1
levels,4
evolving,1
evolved,2
radicalism,2
snitches,1
cassette,1
tapes,1
lps,1
lgbtq,5
parade,5
lgbt,3
lesbian,1
sings,1
disrupted,1
usual,1
cis,4
cisgender,6
transgender,3
root,1
latin,1
masculine,1
cisgendered,1
non-identifying,1
non-conforming,3
genderfuck,1
non-binary,2
pronouns,1
non-gender,1
hijacked,1
average,3
expectancy,1
deviant,1
lgb,1
parades,1
booties,1
stonewall,1
bayard,11
rustin,10
adding,1
dropped,3
succeeding,1
confusing,2
amorphous,1
hide,8
mere,1
assumed,1
predicated,1
distractions,1
illegal,1
andrew,1
documentary,6
genius,1
distraction,1
voter,5
id,3
closing,1
dmvs,2
counties,1
staged,1
motivator,2
fear-mongering,1
emperors,1
pharaohs,1
stupid,2
prioritized,1
a&t’s,1
wrestling,1
cousins,3
initially,1
backyard,1
explore,4
futurist,2
debating,2
motivation,3
utilize,3
j.cole,1
internalized,1
beige-ing,1
feminine,1
toffler,2
alien,1
roy,1
mid-fifties,1
divisions,1
resource-based,1
uncg,1
large,12
dumbest,1
cat,2
fast-food,1
economist,1
magazine,3
checked,2
disrupters,1
discrimination,4
rulers,1
distracted,4
insert,1
automatic,4
computerized,1
teller,1
lion,1
fewer,4
replace,2
machines,2
mcdonald’s,4
robotic,1
experimenting,1
tucson,1
maintain,4
automated,1
pipe,2
compete,3
meetings,1
taiwan,1
beijing,2
robot,1
collaboratives,1
blow,3
human-related,1
scanning,1
dee-dee-dee,1
awake,1
blurted,1
nonsensical,1
meaningless,1
ooh,2
fellas,1
ageism,6
ageist,2
discredited,1
computer,5
typewriter,1
brains,1
surface,5
discrediting,2
platform,1
covering,1
feasible,1
discredit,2
smoke,1
mirrors,1
bits,1
delving,1
utility,1
fox,3
cnn,1
darpa,1
holes,1
tactical,1
messages,1
interpretation,1
operas,2
comment,7
murders,2
actress,1
projected,1
absorbed,1
author,1
experienced,4
stronger,1
superficial,1
dig,1
implicitly,1
dog-whistle,1
codifies,1
realizing,1
sixty-eight,1
wedding,1
provided,3
accidental,1
validity,1
highlight,1
redlined,1
grass,2
systematic,1
loan,1
suffering,1
shoved,1
funding,14
shoveled,1
poorer,1
defunding,1
empowered,2
digress,1
caucasians,1
affected,3
chastising,1
impacts,5
letting,2
joey,1
one-on-one,2
ramifications,1
carry,8
organizational,2
condescending,2
laughing,4
woah,5
argentina,1
fathom,1
principle,3
inclined,1
division,3
approaching,2
patronizing,2
mosque,1
contradicts,1
previous,1
personalize,2
somethings,1
hands-on,1
criticisms,1
self-actualized,1
criticizing,3
attempt,4
woodworks,1
single-handedly,1
panthers,1
non-panthers,1
generalizations,1
wand,1
classrooms,1
suppose,2
electricity,2
wasting,1
approaches,1
singular,1
neutralize,1
macro,1
plug,1
motivating,1
childhood,1
relations,1
revered,1
chair,1
policeman,1
organized,2
eff,1
security,2
amplified,1
yells,1
photo,1
testing,1
francesca,2
koerner,3
afros,1
peter,5
williams,4
christina,3
molina,2
artist-run,1
weenta,3
girmay,2
videographer,1
nickname,1
frahn,4
melissa,4
lee,4
urban,3
planner,2
nola,1
mobilizers,1
ballpark,1
post-katrina,6
supportive,1
paul,2
chan,1
gap,1
absence,1
avenue,2
operated,1
hasn’t,2
grounds,1
incredible,6
collectives,1
compromising,1
mobilizing,1
inequity’s,1
existed,1
stayed,1
self-sufficient,1
decline,3
federal,1
monies,1
storm,5
resilience,1
pleasure,2
clubs,2
insurance,1
served,2
tons,1
non-profits,1
behalf,1
partnerships,1
dailies,1
surprised,6
creatives,1
weekly,1
headline,1
malaise,1
detroit,13
heidelberg,1
tyree,2
guyton,2
slips,1
installations,1
empty,1
dresses,1
crack,12
heads,1
spirits,1
shoes,2
soles,2
feedback,2
prices,1
skyrocketing,1
pockets,1
dormant,1
disadvantage,1
quarter,2
tourists,6
airbnb,2
sufficient,1
homeowners,1
burden,1
treme,3
desirable,1
desert,1
swamp,3
popeye’s,1
winn-dixie,1
sources,1
lights,1
outsiders,3
school’s,1
uptown,5
heartbreaking,3
noisy,1
ordinance,2
multilayered,1
reconcile,1
weena,1
enterprises,1
speaker,1
price,5
cheap,4
updated,1
three-person,1
amenities,1
optimistic,1
feel…it’s,1
disheartening,1
like…i,1
unsustainable,1
controlling,2
figured,2
but…i,1
workings,1
rust,1
belt,1
pittsburgh,1
unchanging,1
remarkable,1
literacy,1
rates,1
deprivatize,1
return,2
unprepared,2
invigorated,1
asset-driven,1
adapt,1
isms,1
literate,1
authoritarian,1
divesting,1
decrease,1
disinvesting,1
recovery,2
principals,2
principal’s,1
cry,1
modeled,1
eighth,3
graders,1
grader,1
held,2
pin-drop,1
behavioral,2
coach,1
apparently,2
cell,1
obscene,1
uncertified,1
tfa,1
saviors,2
white-run,1
absurd,1
privatized,2
principal,2
ceo,1
tests,4
companies,2
worksheets,1
tortures,1
toni,1
morrison,1
complain,1
ms,2
prisoner,2
monitored,1
baldwin,1
monitoring,2
heaven,2
docile,1
oooh,1
reflecting,2
underpinning,1
wales,3
mother’s,2
welsh,1
ostracized,1
quit,3
tulane,1
powerless,1
upbringing,2
franklin,1
warriors,1
culture’s,1
uno,1
bobby,1
jindal,1
peer,1
volunteer,1
experiences…i,1
height,1
epidemic,2
resurgence,1
crashed,1
disrepair,1
disarray,1
handicap,1
shameful,1
delaware,3
dull,1
unaware,1
dell-unaware,1
incorporate,2
autobiography,2
portraiture,1
flooded,1
gutted,1
hand-folded,1
boats,2
collaborated,1
apostolic,1
ninth,2
ward,3
bereft,1
claim,1
sensitive,3
gentrifiers,2
groundwork,1
conflate,1
glamorize,1
programming,3
attracts,1
solange,5
potentially,2
inclusive,1
outreaching,1
door’s,1
saturdays,1
unspoken,1
crowd,1
whispers,1
permitted,1
milieu,1
axiom,1
freret,3
community-centric,1
juice,1
krewes,9
self-segregation,2
desserts,1
skull,1
bone,1
preference,1
flatout,1
floats,2
extraordinary,1
sexist,2
classist,1
krewe,5
tucks,2
curly,4
fro,1
wigs,1
clothing,1
drunk,1
muses,1
hillary,2
clinton,2
puppet,1
sexism,1
tradition,14
coins,1
bread,1
enslaved,2
torches,1
flamebeauxs,1
socially,1
zulu,8
attuned,1
caricatures,1
blacker,1
coconuts,1
rolled,1
ridiculous,6
ordinances,1
longer,6
riding,1
rex,1
latinos,2
asians,1
centuries,3
masked,5
masks,1
startling,1
blatant,1
orleanians,3
orleanian,3
trace,1
provincial,1
cohesiveness,1
light-skinned,1
dark-skinned,1
white-skinned,1
inte,1
two-way,1
comfortability,2
aunts,1
guideline,1
versa,1
bay,1
doubly,1
triply,1
causing,1
subtle,2
kicked,1
nuanced,2
family’s,1
baton,1
rouge,1
co-teacher,3
gentilly,3
hears,1
fast-talking,1
hates,3
niche,1
newcomers,1
organically,1
exoticizing,2
fetish,1
membership,2
thirties,1
latina,2
algiers,4
contributes,1
healthy,1
chemistry,1
club,4
hosting,1
quiet,2
freaked,2
lovely,2
doctor’s,1
brace,1
shook,1
supported,3
events,2
trivia,1
snaps,1
specialness,1
penetrate,2
quickly,2
dues,4
earning,1
providing,1
dress,2
dialect,2
student’s,1
calls,1
auntie,2
insightful,1
penetrating,1
alluring,1
fragmented,1
tight,1
tradition’s,1
pasadena,3
masking,4
honor,1
seminole,1
spectrums,1
celebration,2
solidarity,1
appropriating,1
conjunction,1
mutual,1
remote,1
mash-up,2
synergy,1
regalia,2
drums,1
overemphasizing,1
uprising,3
plantations,1
swamps,1
authentic,3
coopt,1
rarely,1
workable,1
overseer,2
provocative,3
satisfy,1
management,1
parody,2
rode,2
criticality,1
secret,3
exclusivity,2
spell,1
requirement,1
knowledgeable,2
beyoncé’s,3
formation,5
representations,3
what’d,2
how’d,1
appalled,1
floating,1
glamorously,1
inducing,1
triggering,1
intentions,1
empowering,1
aestheticizing,1
tragedy,3
sake,2
glamour,1
freedia,3
tour,3
flies,1
outline,1
unjust,1
cliché,1
passé,1
rhetorical,1
radical,2
fluff,1
so…i,1
filmed,1
paste,1
bounce,3
ties,2
talker,1
testament,1
understandably,1
readably,1
sacrilegious,2
rhythm,1
remembering,2
disaster,1
porn,1
terence,1
nance,1
arthur,1
jafa,1
ayanah,2
moore,2
comply,1
eeoc,1
turns,2
searches,1
applicant,1
arrive,1
countering,1
dignity,1
grace,2
mit,1
joyce,1
oddity,1
justin,1
randolph,1
thompson,1
contrast,2
instruction,1
painters,1
sculptors,1
firsts,1
statistic,2
ferocious-looking,1
ferocious,1
tame,2
interpersonal,1
models,1
enriching,1
requires,3
qualified,2
skill,2
winning,1
award,2
criteria,3
sympathetic,1
nationalist,1
diverted,1
benefitted,1
current,1
heading,1
advantage,1
dentistry,1
pharmacy,1
attend,6
certification,1
accredited,1
advantageous,1
dna,1
melan,1
harvard,1
importance,3
florence,2
u.s,4
appears,1
interface,2
professionals,1
undermine,1
critiquing,2
remained,1
paratory,1
shifted,1
considerations,1
chatter,2
admire,1
compensated,2
contracts,2
segregating,2
segregationists,1
inclusion,2
attract,1
positioning,1
establish,2
referencing,1
costs,1
pixar,1
guide,1
advisor,2
edit,1
minneapolis,2
spring,1
computers,3
grants,8
fills,1
storefront,1
slow,1
mcat,1
enrolled,1
chinese,2
boards,3
businessperson,1
donating,1
donate,1
quantify,1
dang,1
accountant,1
curriculum,2
protection,1
cent,1
scholarships,1
endowments,1
lets,1
recruited,1
switching,1
strangely,1
radio,1
station,1
smell,1
ham,1
macaroni,1
crying,3
aunt,2
repayment,1
exclusion,3
exclusive,1
conferences,1
nurture,2
denying,1
modalities,1
retreating,1
obstacles,1
denies,1
resistance,1
liar,1
genomes,1
soldiers,1
islands,1
survival,1
depend,2
something’s,1
niagara,1
naacp,1
pull,4
warehouse,2
housecleaner,1
gardener’s,1
maid,3
hypnotizing,1
believing,1
paperwork,2
ohhhhhh,1
reacting,1
nfl,2
architects,2
eagle,1
distinguish,1
grouping,1
retreat,1
intension,1
exclude,1
mobilized,1
misdefine,1
blurring,1
motivations,1
surviving,1
peeling,1
powers,1
politicians,2
lies,1
devaluate,1
peep,1
banks,3
mortgages,2
divestment,1
overlook,1
prevent,3
obtaining,1
twin,1
converted,1
anecdote,1
thrives,1
visions,1
redeveloping,1
reengineering,1
redirect,1
freeway,1
fractured,1
acknowledging,1
voucher,1
catherine,1
polydore,2
safest,6
rate,4
contribution,3
blacklivesmatter,8
wendy,1
stuart,1
c.c,1
wharram,1
unsafe,2
stigma,1
reasoning,1
proportion,2
antiquing,1
downhill,1
carbondale,1
siu,1
mugging,2
laughable,1
nonurban,1
alerts,1
respect,3
notwithstanding,1
accurately,1
recruiting,1
hispanic-americans,1
latinas,1
perceiving,1
vector,1
jgtc,1
journal,1
gazette,1
courier,1
suspect,1
walmart,1
embarrassing,3
handling,1
poker,1
locals,4
dangerous,7
indiana,1
busy,2
weapons,2
uptick,4
homicide,1
reporter,1
conceal,3
enacted,2
vaguely,1
investigate,1
involves,1
legally,4
games,2
hundreds,2
murdered,2
wringing,1
scheme,1
hash,2
medias,1
ooooh,1
tag,1
guest,1
griffin,1
affairs,1
contribute,1
platforms,1
interestingly,1
factual,2
graded,1
assignment,1
anti-white,1
hating,1
inequalities,1
occurring,1
gunned,1
trayvon,2
george,2
zimmerman,1
boasts,1
weapon,2
boom,1
disgusting,2
deplorables,2
buying,4
phrased,1
posited,1
verdict,2
incidents,1
proven,1
statistically,2
capita,1
unusually,1
disproportionately,4
garner,2
dismal,1
humor,2
evidence,1
ironically,2
atmosphere,1
cleveland,1
tamir,2
toy,3
jp,1
drove,1
jumped,1
craziest,1
victim,1
tase,1
totality,1
innocent,1
instinct,1
badge,1
sworn,1
copernick,1
colin,3
kaepernick,3
kneel,1
chest,1
anthem,2
newly,1
olympics,1
gymnast,1
gabby,2
excoriated,1
magnified,1
ordinary,1
patriotic,1
backlash,2
props,1
expected,2
wreck,1
youtube,1
scrolling,1
arguments,1
aggravate,1
aggravated,1
succeeed,1
idealist,1
sweet,1
citizens,2
deadly,1
encounters,1
annual,1
repeated,1
presentation,2
jim,2
crow,2
suppress,1
made-up,1
needing,1
implemented,1
cia,1
cheaper,2
version,1
sentence,2
bars,1
minimum,2
killers,1
rapists,1
serving,1
possession,2
raped,1
tours,2
apologize,1
remorse,1
petition,1
apologizes,1
admitting,1
alcohol,2
a-a-a-a-a-alcohol,1
initial,1
incarcerates,1
astronomically,1
unproportionate,1
charges,1
sentencing,1
guidelines,1
wasteful,2
efficient,1
prone,4
intrinsic,1
polls,1
vast,1
poll,1
clinton’s,1
supporters,1
followers,1
isolated,1
dominos,1
discover,1
discursive,1
billion,1
districts,3
estate,3
inequitable,1
proportionately,1
affluent,1
priv,1
competent,2
coles,1
district,2
fees,5
ed,1
semester,4
enroll,1
chess,1
drama,1
duh,1
ehhhh,1
rural,3
gutting,1
cares,1
faculty,6
sports,2
carol,2
appeals,1
extracurricular,1
china,2
mandatory,1
mountain,1
villages,1
tuition,1
improved,2
microaggression,2
microaggressions,5
overtly,1
behaviors,2
attitudes,3
occur,1
individual’s,1
black-white,1
micro,2
microinsults,2
microassaults,1
macroaggression,1
attractive,2
physically,2
ethnicities,1
races,1
texture,1
speaks,2
ohhh,1
articulate,2
ebonics,1
slightly,1
mhm,2
jgl,1
forceful,1
irritating,1
motives,1
dreaded,2
evaluations,2
physic,1
conclusion,1
dynamic,1
controlled,1
experiment,1
foreigner,1
canadian,2
quantitative,1
score,1
subsector,1
arrogant,1
accent,7
repeatedly,1
rated,1
ratings,1
instructor,1
colleague,1
japan,2
published,1
clarity,1
broaden,1
ears,1
depressed,1
stem,1
steam,1
elections,1
reregistration,1
forgiving,1
democracy,1
antiquated,1
conspiracy,1
logical,1
rauner,1
vetoed,3
registered,3
dominica,1
registers,1
rationale,2
favor[ing,1
opposite,1
closed,1
latino/latinas,1
nra,1
rifle,1
permit,1
processes,1
forge,1
republican-run,1
legislators,1
plusses,1
minuses,1
voters,1
governments,1
anytime,1
pool,1
democrat,1
favors,1
minted,1
newman,1
yup,2
advise,1
knock,4
eastern,1
halls,1
kaisas,2
peguero,2
lana,3
meyon,2
chloe,3
etienne,2
residence,1
erica,2
name’s,1
press,2
art-related,1
tourist,7
american/african,1
watered,1
cvb,1
stumble,1
mckenna,1
feather,1
prints,3
kilts,1
second-line,1
spiritually,1
protector,1
bands,1
bothersome,2
assimilating,2
irish,4
straw,2
skirts,2
orange,2
sweatshirts,1
ohhhh,1
bowie,1
sensed,1
pg,1
boobs,1
charles,1
nomtoc,3
turnt,2
marched,1
stereotypes,2
lens,3
tortured,1
pinpoint,1
ancestry,1
bizarre,1
appearance,1
cheekbones,1
straightened,1
thick,1
orleanean,1
vibe,1
spiritual,3
hipster,1
regeneration,2
flipping,2
brand,1
homage,1
recontextualizing,1
milling,1
obligation,1
avenues,2
rebuilding,1
paved,1
backs,1
gentleman,1
stared,1
setup,1
fairgrounds,1
bayou,1
blasphemous,1
woooow,1
bold,1
chewed,1
mom’s,1
rents,1
renovate,1
jack,1
hedge,1
fund,2
stability,1
ascend,1
assimilation,1
expanding,1
unlike,1
misceginating,1
ferdinand,1
roman,1
overpass,1
sketchy,1
numerity,2
jogging,1
strollers,2
fuckin,2
dogs,1
rude,2
german,1
shepherds,1
redo,1
flipped,1
segues,1
copyrights,1
beyoncé,6
disrespectful,1
infatuated,1
flooding,1
showcase,1
flood,2
maris,1
should’ve,1
warning,2
trigger,1
lyrics,1
footage,2
crawfish,1
lazy,1
compiled,1
yonce,1
two-bedroom,1
dare,1
separation,2
global,1
dome,1
stark,1
murky,1
visage,1
spike,1
publicized,1
finance,1
lydia,4
knowles,2
babies,1
scholarly,1
anthology,2
grant,4
proposals,2
scholars,1
dual,1
displacement,1
diasporic,1
refugees,1
pelican,3
mob,1
review,1
publication,1
critic,1
dry,1
territory,1
apply,2
auto,1
pathways,1
initiate,1
interference,1
expedite,1
tool,1
decorative,1
tasks,1
bearing,1
witness,1
self-initiation,1
initiative,3
emailing,3
publishing,1
zines,1
objects,2
collaboratively,1
nannying,1
assistant,1
capital,1
luckily,1
flow,1
fast,1
simmering,1
lydia’s,1
fetishized,1
nontraditional,1
difficulty,1
philosophy,1
produced,1
funder,1
byproduct,1
originate,1
hindsight,1
assets,1
error,1
succeed,1
worthy,1
productivity,1
embraced,1
brandon,3
drawback,1
november,1
posters,1
displaying,1
tens,1
visitors,1
levee,1
funneling,1
short-term,1
money-maker,1
discretion,1
coalitions,1
wynwood,1
philadelphia,1
recycled,1
creativity,1
recreate,1
confrontational,1
interlopers,1
legitimacy,1
turning,1
beneficial,1
convincing,1
suburbanites,1
appease,1
actuality,1
stakeholders,1
passion,1
empower,1
load,1
sacrificing,1
accomplishment,1
explanations,1
ad,1
infinitum,1
beast,1
overwhelm,1
mural,1
ideologically,1
explained,1
convene,1
reconciliation,1
facilitated,1
guided,1
excellence,1
consistently,2
kellogg,4
pitch,1
ford,1
sequitur,1
electrical,1
nutriground,1
technical,1
mlk,1
suggestion,1
unpleasing,1
magnolia,2
paint,1
flower,1
tree,1
consulted,1
natives,1
milney,1
highest,1
skyscrapers,2
printing,1
destroyed,2
neglect,1
photographing,1
documenting,1
humiliating,1
act-up,1
reconfigure,1
rally,1
robert,1
blvd,1
antagonism,1
antagonistic,1
protest,1
b-y-b,1
coworkers,1
scribe,1
quess,1
switched,1
emotions,1
constituency,1
revolutionary,1
violate,1
methodology,1
publicize,1
feature,1
begins,1
self-educate,1
underway,1
underpass,1
valid,2
intersection,1
tear,1
gentrifying,1
jog,1
corridor,1
gaze,1
snacks,1
vocational,1
comparing,1
might’ve,1
preserve,1
confines,2
receipts,1
burn,3
inaudible,1
gia,1
feathers,1
beads,1
upstairs,1
inactivity,1
faced,1
staple,1
non-people,1
recycling,1
exhibits,1
mixtapes,1
intern,1
master’s,2
finishing,1
impressed,1
tank,2
field,3
defy,1
mississippi,1
administrator,1
grades,1
internship,1
guards,1
janitor,1
lows,1
highs,1
frequent,1
correctly,2
walker,1
cara,1
misogynistic,1
truthful,1
offends,1
taste,1
offend,1
interpreting,1
intuitive,1
pushes,1
rat’s,1
ass,1
poisonous,1
garb,1
boyfriend,1
dates,1
provoke,1
jeez,1
hush,1
substitute,1
lower-income,1
renew,1
supervision,1
substitutes,1
